attach_cd,mod_dt,reg_dt,created_by,modified_by,attach_name,attach_url,board_div,ori_attach_name,notice_cd,sweet_board_cd
1,2023-06-28,2023-06-28,sweet01,sweet01,2d8e2884-f6fb-4956-a464-6cc67464604f.xlsx,/wee/boardAttach/2d8e2884-f6fb-4956-a464-6cc67464604f.xlsx,NULL,¿¢¼¿1.xlsx,NULL,40
2,2023-06-28,2023-06-28,sweet01,sweet01,423e0653-1c74-43db-b7d4-6c3a7ea9e75d.docx,/wee/boardAttach/423e0653-1c74-43db-b7d4-6c3a7ea9e75d.docx,NULL,¿öµå1.docx,NULL,40
3,2023-06-28,2023-06-28,sweet01,sweet01,eadfa370-14dd-46a3-966b-431c57947818.xlsx,/wee/boardAttach/eadfa370-14dd-46a3-966b-431c57947818.xlsx,NULL,¿¢¼¿1.xlsx,NULL,41
4,2023-06-28,2023-06-28,sweet03,sweet03,759f9329-bd28-41e3-9b75-499dbc3029d1.xlsx,/wee/boardAttach/759f9329-bd28-41e3-9b75-499dbc3029d1.xlsx,NULL,¿¢¼¿3.xlsx,NULL,43
5,2023-06-28,2023-06-28,sweet03,sweet03,8462661c-e7e1-444d-a856-e9a4424752be.docx,/wee/boardAttach/8462661c-e7e1-444d-a856-e9a4424752be.docx,NULL,¿öµå3.docx,NULL,43
6,2023-06-28,2023-06-28,sweet02,sweet02,35a4f5aa-ca26-465d-bc7c-5896e5be3567.docx,/wee/boardAttach/35a4f5aa-ca26-465d-bc7c-5896e5be3567.docx,NULL,¿öµå1.docx,NULL,44
7,2023-06-28,2023-06-28,sweet02,sweet02,18384e6e-2299-4072-b2c6-63439ed5cf6a.docx,/wee/boardAttach/18384e6e-2299-4072-b2c6-63439ed5cf6a.docx,NULL,¿öµå2.docx,NULL,44
8,2023-06-28,2023-06-28,sweet02,sweet02,2fbb630e-c10f-4457-bd31-7412a822f70d.docx,/wee/boardAttach/2fbb630e-c10f-4457-bd31-7412a822f70d.docx,NULL,¿öµå3.docx,NULL,44
9,2023-06-28,2023-06-28,sweet02,sweet02,0e68d9d1-92e3-4120-b810-7a255ac8f237.xlsx,/wee/boardAttach/0e68d9d1-92e3-4120-b810-7a255ac8f237.xlsx,NULL,¿¢¼¿3.xlsx,NULL,45
10,2023-06-28,2023-06-28,sweet03,sweet03,dc4f2369-2ed3-4a08-a23e-2bb7b80d4ac2.xlsx,/wee/boardAttach/dc4f2369-2ed3-4a08-a23e-2bb7b80d4ac2.xlsx,NULL,¿¢¼¿2.xlsx,NULL,46
11,2023-06-28,2023-06-28,sweet03,sweet03,a3f4f369-757a-4425-a104-a1ddce368158.xlsx,/wee/boardAttach/a3f4f369-757a-4425-a104-a1ddce368158.xlsx,NULL,¿¢¼¿3.xlsx,NULL,46
12,2023-06-28,2023-06-28,sweet03,sweet03,594988cc-4ba8-402e-a00c-7cea14b7df6d.docx,/wee/boardAttach/594988cc-4ba8-402e-a00c-7cea14b7df6d.docx,NULL,¿öµå3.docx,NULL,46
13,2023-06-28,2023-06-28,sweet01,sweet01,da463b3d-bcb2-40f2-a739-2a16bd4ba538.xlsx,/wee/boardAttach/da463b3d-bcb2-40f2-a739-2a16bd4ba538.xlsx,NULL,¿¢¼¿2.xlsx,NULL,47
14,2023-06-28,2023-06-28,sweet01,sweet01,49c85993-d8c7-4351-a90a-fdb4d34e5676.xlsx,/wee/boardAttach/49c85993-d8c7-4351-a90a-fdb4d34e5676.xlsx,NULL,¿¢¼¿3.xlsx,NULL,47
15,2023-06-28,2023-06-28,sweet01,sweet01,7106a9be-df25-445f-8729-09c0eb6c856c.docx,/wee/boardAttach/7106a9be-df25-445f-8729-09c0eb6c856c.docx,NULL,¿öµå3.docx,NULL,47
16,2023-06-28,2023-06-28,sweet02,sweet02,9670b598-80b7-4971-bc43-6ce4fb479967.xlsx,/wee/boardAttach/9670b598-80b7-4971-bc43-6ce4fb479967.xlsx,NULL,¿¢¼¿3.xlsx,NULL,49
17,2023-06-28,2023-06-28,sweet02,sweet02,161a0984-bf38-40c6-b665-2a973bd08463.docx,/wee/boardAttach/161a0984-bf38-40c6-b665-2a973bd08463.docx,NULL,¿öµå3.docx,NULL,49
18,2023-06-28,2023-06-28,sweet02,sweet02,6459f25f-4c7e-4413-9eb8-a10063428063.xlsx,/wee/boardAttach/6459f25f-4c7e-4413-9eb8-a10063428063.xlsx,NULL,¿¢¼¿3.xlsx,NULL,50
19,2023-06-28,2023-06-28,sweet02,sweet02,c7aadfdb-84f2-4d47-956b-06be93060dd3.docx,/wee/boardAttach/c7aadfdb-84f2-4d47-956b-06be93060dd3.docx,NULL,¿öµå1.docx,NULL,50
20,2023-06-28,2023-06-28,sweet02,sweet02,35a33a9c-2359-4851-8393-f51e6cd7fb89.docx,/wee/boardAttach/35a33a9c-2359-4851-8393-f51e6cd7fb89.docx,NULL,¿öµå2.docx,NULL,50
21,2023-06-28,2023-06-28,sweet02,sweet02,ba12010d-b337-46ae-b647-6ebe60b2fc80.docx,/wee/boardAttach/ba12010d-b337-46ae-b647-6ebe60b2fc80.docx,NULL,¿öµå3.docx,NULL,50
22,2023-06-28,2023-06-28,sweet03,sweet03,ce2beabb-6122-4fdc-9b71-2dcd195b92c2.xlsx,/wee/boardAttach/ce2beabb-6122-4fdc-9b71-2dcd195b92c2.xlsx,NULL,¿¢¼¿2.xlsx,NULL,51
23,2023-06-28,2023-06-28,sweet03,sweet03,cc617a10-0aa6-41cd-a58b-e07e0cb65964.xlsx,/wee/boardAttach/cc617a10-0aa6-41cd-a58b-e07e0cb65964.xlsx,NULL,¿¢¼¿3.xlsx,NULL,51
24,2023-06-28,2023-06-28,sweet03,sweet03,9e595603-6c4b-44e0-bd8d-ad5f9b3e8aba.docx,/wee/boardAttach/9e595603-6c4b-44e0-bd8d-ad5f9b3e8aba.docx,NULL,¿öµå2.docx,NULL,51
25,2023-06-28,2023-06-28,sweet03,sweet03,b8a9d0de-0ec5-42e4-a9bf-b04953be1c0d.docx,/wee/boardAttach/b8a9d0de-0ec5-42e4-a9bf-b04953be1c0d.docx,NULL,¿öµå3.docx,NULL,51
26,2023-06-28,2023-06-28,sweet01,sweet01,f1f6ca74-3d87-4949-9778-80aa57d534fd.xlsx,/wee/boardAttach/f1f6ca74-3d87-4949-9778-80aa57d534fd.xlsx,NULL,¿¢¼¿1.xlsx,NULL,52
27,2023-06-28,2023-06-28,sweet01,sweet01,82733155-cedf-4312-8433-e777bcc05e6d.docx,/wee/boardAttach/82733155-cedf-4312-8433-e777bcc05e6d.docx,NULL,¿öµå1.docx,NULL,52
28,2023-06-28,2023-06-28,sweet01,sweet01,3b651fe0-0fa7-4b72-881d-3ee6023e7c7b.docx,/wee/boardAttach/3b651fe0-0fa7-4b72-881d-3ee6023e7c7b.docx,NULL,¿öµå3.docx,NULL,53
29,2023-06-28,2023-06-28,sweet03,sweet03,a281398b-aac1-4254-99dd-cc5c1c8e3103.xlsx,/wee/boardAttach/a281398b-aac1-4254-99dd-cc5c1c8e3103.xlsx,NULL,¿¢¼¿1.xlsx,NULL,54
30,2023-06-28,2023-06-28,sweet03,sweet03,1e47ec6e-5599-48e7-96c6-f7e9da59f919.xlsx,/wee/boardAttach/1e47ec6e-5599-48e7-96c6-f7e9da59f919.xlsx,NULL,¿¢¼¿2.xlsx,NULL,54
31,2023-06-28,2023-06-28,sweet03,sweet03,01d8c193-3c95-481f-beaa-381927888337.docx,/wee/boardAttach/01d8c193-3c95-481f-beaa-381927888337.docx,NULL,¿öµå1.docx,NULL,54
32,2023-06-28,2023-06-28,sweet02,sweet02,b30ce0c5-0d16-45ec-adcd-c10d0457fb1c.xlsx,/wee/boardAttach/b30ce0c5-0d16-45ec-adcd-c10d0457fb1c.xlsx,NULL,¿¢¼¿1.xlsx,NULL,55
33,2023-06-28,2023-06-28,sweet02,sweet02,d64fe956-a315-485b-8280-f3da7566a137.xlsx,/wee/boardAttach/d64fe956-a315-485b-8280-f3da7566a137.xlsx,NULL,¿¢¼¿3.xlsx,NULL,55
34,2023-06-28,2023-06-28,sweet02,sweet02,339fdc94-117f-42c8-b691-603c03fcb603.docx,/wee/boardAttach/339fdc94-117f-42c8-b691-603c03fcb603.docx,NULL,¿öµå3.docx,NULL,55
35,2023-06-28,2023-06-28,admin,admin,51e82689-b5ce-42ff-8aa6-9f5667e16d6a.xlsx,/wee/boardAttach/51e82689-b5ce-42ff-8aa6-9f5667e16d6a.xlsx,NULL,¿¢¼¿1.xlsx,23,NULL
36,2023-06-28,2023-06-28,admin,admin,69140ee6-8579-43c1-a830-692477eecacd.xlsx,/wee/boardAttach/69140ee6-8579-43c1-a830-692477eecacd.xlsx,NULL,¿¢¼¿1.xlsx,24,NULL
37,2023-06-28,2023-06-28,admin,admin,379df57b-2367-4245-83f2-b1e845d52955.xlsx,/wee/boardAttach/379df57b-2367-4245-83f2-b1e845d52955.xlsx,NULL,¿¢¼¿2.xlsx,24,NULL
38,2023-06-28,2023-06-28,admin,admin,7d92f195-340d-4952-b012-6d6a3e2b86c3.xlsx,/wee/boardAttach/7d92f195-340d-4952-b012-6d6a3e2b86c3.xlsx,NULL,¿¢¼¿1.xlsx,25,NULL
39,2023-06-28,2023-06-28,admin,admin,ddb32fbe-3431-4f7a-9dcb-4db218907604.xlsx,/wee/boardAttach/ddb32fbe-3431-4f7a-9dcb-4db218907604.xlsx,NULL,¿¢¼¿3.xlsx,25,NULL
