board_img_cd,mod_dt,reg_dt,created_by,modified_by,board_div,img_name,img_url,ori_img_name,rep_img_yn,mhinfo_cd,notice_cd,sweet_board_cd
1,2023-06-28,2023-06-28,sweet01,sweet01,NULL,f98ab809-a633-498a-9533-eeaf35026af3.jpg,/wee/boardImg/f98ab809-a633-498a-9533-eeaf35026af3.jpg,puppy1.jpg,Y,NULL,NULL,40
2,2023-06-28,2023-06-28,sweet01,sweet01,NULL,909b2530-ce83-4569-a2d2-f83dc5a87841.jpg,/wee/boardImg/909b2530-ce83-4569-a2d2-f83dc5a87841.jpg,puppy2.jpg,N,NULL,NULL,40
3,2023-06-28,2023-06-28,sweet01,sweet01,NULL,9bdd556b-5ab9-4380-b2de-a4e27c1e034d.jpg,/wee/boardImg/9bdd556b-5ab9-4380-b2de-a4e27c1e034d.jpg,puppy3.jpg,N,NULL,NULL,40
4,2023-06-28,2023-06-28,sweet01,sweet01,NULL,,,,N,NULL,NULL,40
5,2023-06-28,2023-06-28,sweet01,sweet01,NULL,,,,N,NULL,NULL,40
6,2023-06-28,2023-06-28,sweet01,sweet01,NULL,a656659a-8f80-4dab-b891-5195c555f70d.jpg,/wee/boardImg/a656659a-8f80-4dab-b891-5195c555f70d.jpg,cat1.jpg,Y,NULL,NULL,41
7,2023-06-28,2023-06-28,sweet01,sweet01,NULL,fc4c9beb-a49b-48cf-8225-563bb0c3f76b.jpg,/wee/boardImg/fc4c9beb-a49b-48cf-8225-563bb0c3f76b.jpg,cat2.jpg,N,NULL,NULL,41
8,2023-06-28,2023-06-28,sweet01,sweet01,NULL,,,,N,NULL,NULL,41
9,2023-06-28,2023-06-28,sweet01,sweet01,NULL,,,,N,NULL,NULL,41
10,2023-06-28,2023-06-28,sweet01,sweet01,NULL,,,,N,NULL,NULL,41
11,2023-06-28,2023-06-28,sweet01,sweet01,NULL,f4dd50a8-e957-4fc1-afdd-f0cffa91be7f.JPEG,/wee/boardImg/f4dd50a8-e957-4fc1-afdd-f0cffa91be7f.JPEG,puppy4.JPEG,Y,NULL,NULL,42
12,2023-06-28,2023-06-28,sweet01,sweet01,NULL,0a9dda0f-4b44-45b5-a5d7-34e493736938.jpg,/wee/boardImg/0a9dda0f-4b44-45b5-a5d7-34e493736938.jpg,mocha2.jpg,N,NULL,NULL,42
13,2023-06-28,2023-06-28,sweet01,sweet01,NULL,,,,N,NULL,NULL,42
14,2023-06-28,2023-06-28,sweet01,sweet01,NULL,,,,N,NULL,NULL,42
15,2023-06-28,2023-06-28,sweet01,sweet01,NULL,,,,N,NULL,NULL,42
16,2023-06-28,2023-06-28,sweet03,sweet03,NULL,0b00bcec-036b-464e-8bb1-583145989816.jpg,/wee/boardImg/0b00bcec-036b-464e-8bb1-583145989816.jpg,mocha1.jpg,Y,NULL,NULL,43
17,2023-06-28,2023-06-28,sweet03,sweet03,NULL,19db1f19-06f2-4f0b-8544-d72aa49abc34.jpg,/wee/boardImg/19db1f19-06f2-4f0b-8544-d72aa49abc34.jpg,mocha2.jpg,N,NULL,NULL,43
18,2023-06-28,2023-06-28,sweet03,sweet03,NULL,,,,N,NULL,NULL,43
19,2023-06-28,2023-06-28,sweet03,sweet03,NULL,,,,N,NULL,NULL,43
20,2023-06-28,2023-06-28,sweet03,sweet03,NULL,,,,N,NULL,NULL,43
21,2023-06-28,2023-06-28,sweet02,sweet02,NULL,aa2da564-b1e7-464f-9735-8003b134cba4.jpg,/wee/boardImg/aa2da564-b1e7-464f-9735-8003b134cba4.jpg,mocha1.jpg,Y,NULL,NULL,44
22,2023-06-28,2023-06-28,sweet02,sweet02,NULL,9b9e1a22-1bfe-4af2-b860-f7ed3c2dd008.jpg,/wee/boardImg/9b9e1a22-1bfe-4af2-b860-f7ed3c2dd008.jpg,mocha2.jpg,N,NULL,NULL,44
23,2023-06-28,2023-06-28,sweet02,sweet02,NULL,718aa8e9-3995-4cae-b970-fd065ce6a4a7.jpg,/wee/boardImg/718aa8e9-3995-4cae-b970-fd065ce6a4a7.jpg,cat1.jpg,N,NULL,NULL,44
24,2023-06-28,2023-06-28,sweet02,sweet02,NULL,,,,N,NULL,NULL,44
25,2023-06-28,2023-06-28,sweet02,sweet02,NULL,,,,N,NULL,NULL,44
26,2023-06-28,2023-06-28,sweet02,sweet02,NULL,372fcefd-8fe2-45b7-8826-9b718093b6a1.jpg,/wee/boardImg/372fcefd-8fe2-45b7-8826-9b718093b6a1.jpg,puppy2.jpg,Y,NULL,NULL,45
27,2023-06-28,2023-06-28,sweet02,sweet02,NULL,9573023d-f25b-4e58-8aac-19f010eea1bb.JPEG,/wee/boardImg/9573023d-f25b-4e58-8aac-19f010eea1bb.JPEG,puppy4.JPEG,N,NULL,NULL,45
28,2023-06-28,2023-06-28,sweet02,sweet02,NULL,,,,N,NULL,NULL,45
29,2023-06-28,2023-06-28,sweet02,sweet02,NULL,,,,N,NULL,NULL,45
30,2023-06-28,2023-06-28,sweet02,sweet02,NULL,,,,N,NULL,NULL,45
31,2023-06-28,2023-06-28,sweet03,sweet03,NULL,7a4c90fa-4419-41a3-9834-b1598cd0abb0.jpg,/wee/boardImg/7a4c90fa-4419-41a3-9834-b1598cd0abb0.jpg,puppy1.jpg,Y,NULL,NULL,46
32,2023-06-28,2023-06-28,sweet03,sweet03,NULL,5e889ab0-3796-4304-aab7-b45012464c5a.jpg,/wee/boardImg/5e889ab0-3796-4304-aab7-b45012464c5a.jpg,cat3.jpg,N,NULL,NULL,46
33,2023-06-28,2023-06-28,sweet03,sweet03,NULL,2cc8efe2-4c96-49d9-a91c-15aef705119e.jpg,/wee/boardImg/2cc8efe2-4c96-49d9-a91c-15aef705119e.jpg,cat1.jpg,N,NULL,NULL,46
34,2023-06-28,2023-06-28,sweet03,sweet03,NULL,,,,N,NULL,NULL,46
35,2023-06-28,2023-06-28,sweet03,sweet03,NULL,,,,N,NULL,NULL,46
36,2023-06-28,2023-06-28,sweet01,sweet01,NULL,944f5e48-cddc-4c15-9bce-8875b8636e6c.JPEG,/wee/boardImg/944f5e48-cddc-4c15-9bce-8875b8636e6c.JPEG,puppy4.JPEG,Y,NULL,NULL,47
37,2023-06-28,2023-06-28,sweet01,sweet01,NULL,2fa60dd7-6ce8-4308-beae-103cb8eeed21.jpg,/wee/boardImg/2fa60dd7-6ce8-4308-beae-103cb8eeed21.jpg,mocha1.jpg,N,NULL,NULL,47
38,2023-06-28,2023-06-28,sweet01,sweet01,NULL,141f0fc0-5711-4ef3-942b-d6d4303c1880.jpg,/wee/boardImg/141f0fc0-5711-4ef3-942b-d6d4303c1880.jpg,cat2.jpg,N,NULL,NULL,47
39,2023-06-28,2023-06-28,sweet01,sweet01,NULL,,,,N,NULL,NULL,47
40,2023-06-28,2023-06-28,sweet01,sweet01,NULL,,,,N,NULL,NULL,47
41,2023-06-28,2023-06-28,sweet01,sweet01,NULL,1b2c0baf-2b7e-4ccd-8d6e-5c8e6629f415.jpg,/wee/boardImg/1b2c0baf-2b7e-4ccd-8d6e-5c8e6629f415.jpg,cat3.jpg,Y,NULL,NULL,48
42,2023-06-28,2023-06-28,sweet01,sweet01,NULL,1979dfb0-0990-4f4f-b0f0-9c9de7d7d7dc.jpg,/wee/boardImg/1979dfb0-0990-4f4f-b0f0-9c9de7d7d7dc.jpg,puppy2.jpg,N,NULL,NULL,48
43,2023-06-28,2023-06-28,sweet01,sweet01,NULL,cf64c095-a1bd-410f-8e9c-56e9710f5b20.jpg,/wee/boardImg/cf64c095-a1bd-410f-8e9c-56e9710f5b20.jpg,mocha2.jpg,N,NULL,NULL,48
44,2023-06-28,2023-06-28,sweet01,sweet01,NULL,,,,N,NULL,NULL,48
45,2023-06-28,2023-06-28,sweet01,sweet01,NULL,,,,N,NULL,NULL,48
46,2023-06-28,2023-06-28,sweet02,sweet02,NULL,ccb5f2ce-6482-4e7a-a8c6-c68da6d5f546.jpg,/wee/boardImg/ccb5f2ce-6482-4e7a-a8c6-c68da6d5f546.jpg,mocha1.jpg,Y,NULL,NULL,49
47,2023-06-28,2023-06-28,sweet02,sweet02,NULL,1f2c123e-a36b-4c80-8d91-f714e4885fec.jpg,/wee/boardImg/1f2c123e-a36b-4c80-8d91-f714e4885fec.jpg,puppy1.jpg,N,NULL,NULL,49
48,2023-06-28,2023-06-28,sweet02,sweet02,NULL,7fccd700-6afc-4302-8d6b-960ed57fa541.JPEG,/wee/boardImg/7fccd700-6afc-4302-8d6b-960ed57fa541.JPEG,puppy4.JPEG,N,NULL,NULL,49
49,2023-06-28,2023-06-28,sweet02,sweet02,NULL,,,,N,NULL,NULL,49
50,2023-06-28,2023-06-28,sweet02,sweet02,NULL,,,,N,NULL,NULL,49
51,2023-06-28,2023-06-28,sweet02,sweet02,NULL,fa55b7df-7ec7-4608-9d8c-da8c49a66f76.jpg,/wee/boardImg/fa55b7df-7ec7-4608-9d8c-da8c49a66f76.jpg,mocha1.jpg,Y,NULL,NULL,50
52,2023-06-28,2023-06-28,sweet02,sweet02,NULL,7b057965-fd6a-484b-83bf-2e3e5a751b52.jpg,/wee/boardImg/7b057965-fd6a-484b-83bf-2e3e5a751b52.jpg,cat1.jpg,N,NULL,NULL,50
53,2023-06-28,2023-06-28,sweet02,sweet02,NULL,8afe70cb-fcc9-4ec3-8d3b-0a23efa30833.JPEG,/wee/boardImg/8afe70cb-fcc9-4ec3-8d3b-0a23efa30833.JPEG,puppy4.JPEG,N,NULL,NULL,50
54,2023-06-28,2023-06-28,sweet02,sweet02,NULL,fb6a16a6-b676-4938-870d-f5ebc1fd7a39.jpg,/wee/boardImg/fb6a16a6-b676-4938-870d-f5ebc1fd7a39.jpg,mocha1.jpg,N,NULL,NULL,50
55,2023-06-28,2023-06-28,sweet02,sweet02,NULL,,,,N,NULL,NULL,50
56,2023-06-28,2023-06-28,sweet03,sweet03,NULL,c49c7b95-854c-42ea-9304-3f713b9c0142.jpg,/wee/boardImg/c49c7b95-854c-42ea-9304-3f713b9c0142.jpg,cat2.jpg,Y,NULL,NULL,51
57,2023-06-28,2023-06-28,sweet03,sweet03,NULL,71f1d233-8bcb-4725-9196-b06ec803a1df.jpg,/wee/boardImg/71f1d233-8bcb-4725-9196-b06ec803a1df.jpg,mocha2.jpg,N,NULL,NULL,51
58,2023-06-28,2023-06-28,sweet03,sweet03,NULL,84c816c1-1576-41a3-bc52-d32371f92cc6.jpg,/wee/boardImg/84c816c1-1576-41a3-bc52-d32371f92cc6.jpg,puppy3.jpg,N,NULL,NULL,51
59,2023-06-28,2023-06-28,sweet03,sweet03,NULL,,,,N,NULL,NULL,51
60,2023-06-28,2023-06-28,sweet03,sweet03,NULL,,,,N,NULL,NULL,51
61,2023-06-28,2023-06-28,sweet01,sweet01,NULL,e850628a-866c-46fd-a895-61b07721b394.jpg,/wee/boardImg/e850628a-866c-46fd-a895-61b07721b394.jpg,mocha1.jpg,Y,NULL,NULL,52
62,2023-06-28,2023-06-28,sweet01,sweet01,NULL,c3081844-e1cf-485c-9c97-6d8efdb9d1f5.jpg,/wee/boardImg/c3081844-e1cf-485c-9c97-6d8efdb9d1f5.jpg,puppy2.jpg,N,NULL,NULL,52
63,2023-06-28,2023-06-28,sweet01,sweet01,NULL,d8fcade6-c8e5-4844-9d3a-3ef7ea8f8d91.jpg,/wee/boardImg/d8fcade6-c8e5-4844-9d3a-3ef7ea8f8d91.jpg,cat2.jpg,N,NULL,NULL,52
64,2023-06-28,2023-06-28,sweet01,sweet01,NULL,,,,N,NULL,NULL,52
65,2023-06-28,2023-06-28,sweet01,sweet01,NULL,,,,N,NULL,NULL,52
66,2023-06-28,2023-06-28,sweet01,sweet01,NULL,ea7714e8-d124-4f86-98a2-e471b2d6ecd9.jpg,/wee/boardImg/ea7714e8-d124-4f86-98a2-e471b2d6ecd9.jpg,cat1.jpg,Y,NULL,NULL,53
67,2023-06-28,2023-06-28,sweet01,sweet01,NULL,8fbe5943-dbc6-4aa5-8944-360a5e90fe26.jpg,/wee/boardImg/8fbe5943-dbc6-4aa5-8944-360a5e90fe26.jpg,cat2.jpg,N,NULL,NULL,53
68,2023-06-28,2023-06-28,sweet01,sweet01,NULL,,,,N,NULL,NULL,53
69,2023-06-28,2023-06-28,sweet01,sweet01,NULL,,,,N,NULL,NULL,53
70,2023-06-28,2023-06-28,sweet01,sweet01,NULL,,,,N,NULL,NULL,53
71,2023-06-28,2023-06-28,sweet03,sweet03,NULL,2d73340e-2321-4a41-a454-5b1895614d3b.jpg,/wee/boardImg/2d73340e-2321-4a41-a454-5b1895614d3b.jpg,mocha2.jpg,Y,NULL,NULL,54
72,2023-06-28,2023-06-28,sweet03,sweet03,NULL,29f93667-38af-4018-9c3e-a689707b083e.jpg,/wee/boardImg/29f93667-38af-4018-9c3e-a689707b083e.jpg,puppy1.jpg,N,NULL,NULL,54
73,2023-06-28,2023-06-28,sweet03,sweet03,NULL,8a9925c7-44e7-4c5e-ad9d-1482e2bb8328.JPEG,/wee/boardImg/8a9925c7-44e7-4c5e-ad9d-1482e2bb8328.JPEG,puppy4.JPEG,N,NULL,NULL,54
74,2023-06-28,2023-06-28,sweet03,sweet03,NULL,,,,N,NULL,NULL,54
75,2023-06-28,2023-06-28,sweet03,sweet03,NULL,,,,N,NULL,NULL,54
76,2023-06-28,2023-06-28,sweet02,sweet02,NULL,417fa865-b536-4f94-b417-1307ef52427d.jpg,/wee/boardImg/417fa865-b536-4f94-b417-1307ef52427d.jpg,puppy3.jpg,Y,NULL,NULL,55
77,2023-06-28,2023-06-28,sweet02,sweet02,NULL,3031dd2c-9ec6-46f7-90a3-c8a80ede643d.JPEG,/wee/boardImg/3031dd2c-9ec6-46f7-90a3-c8a80ede643d.JPEG,puppy4.JPEG,N,NULL,NULL,55
78,2023-06-28,2023-06-28,sweet02,sweet02,NULL,1b19397a-d12f-4492-b0a7-4bc3a57023cf.jpg,/wee/boardImg/1b19397a-d12f-4492-b0a7-4bc3a57023cf.jpg,cat3.jpg,N,NULL,NULL,55
79,2023-06-28,2023-06-28,sweet02,sweet02,NULL,aeaa0d91-d9c0-4e09-a013-3a1803032510.jpg,/wee/boardImg/aeaa0d91-d9c0-4e09-a013-3a1803032510.jpg,cat1.jpg,N,NULL,NULL,55
80,2023-06-28,2023-06-28,sweet02,sweet02,NULL,,,,N,NULL,NULL,55
81,2023-06-28,2023-06-28,admin,admin,NULL,,,,Y,NULL,1,NULL
82,2023-06-28,2023-06-28,admin,admin,NULL,,,,N,NULL,1,NULL
83,2023-06-28,2023-06-28,admin,admin,NULL,,,,N,NULL,1,NULL
84,2023-06-28,2023-06-28,admin,admin,NULL,,,,N,NULL,1,NULL
85,2023-06-28,2023-06-28,admin,admin,NULL,,,,N,NULL,1,NULL
86,2023-06-28,2023-06-28,admin,admin,NULL,,,,Y,NULL,2,NULL
87,2023-06-28,2023-06-28,admin,admin,NULL,,,,N,NULL,2,NULL
88,2023-06-28,2023-06-28,admin,admin,NULL,,,,N,NULL,2,NULL
89,2023-06-28,2023-06-28,admin,admin,NULL,,,,N,NULL,2,NULL
90,2023-06-28,2023-06-28,admin,admin,NULL,,,,N,NULL,2,NULL
91,2023-06-28,2023-06-28,admin,admin,NULL,,,,Y,NULL,3,NULL
92,2023-06-28,2023-06-28,admin,admin,NULL,,,,N,NULL,3,NULL
93,2023-06-28,2023-06-28,admin,admin,NULL,,,,N,NULL,3,NULL
94,2023-06-28,2023-06-28,admin,admin,NULL,,,,N,NULL,3,NULL
95,2023-06-28,2023-06-28,admin,admin,NULL,,,,N,NULL,3,NULL
96,2023-06-28,2023-06-28,admin,admin,NULL,,,,Y,NULL,4,NULL
97,2023-06-28,2023-06-28,admin,admin,NULL,,,,N,NULL,4,NULL
98,2023-06-28,2023-06-28,admin,admin,NULL,,,,N,NULL,4,NULL
99,2023-06-28,2023-06-28,admin,admin,NULL,,,,N,NULL,4,NULL
100,2023-06-28,2023-06-28,admin,admin,NULL,,,,N,NULL,4,NULL
101,2023-06-28,2023-06-28,admin,admin,NULL,,,,Y,NULL,5,NULL
102,2023-06-28,2023-06-28,admin,admin,NULL,,,,N,NULL,5,NULL
103,2023-06-28,2023-06-28,admin,admin,NULL,,,,N,NULL,5,NULL
104,2023-06-28,2023-06-28,admin,admin,NULL,,,,N,NULL,5,NULL
105,2023-06-28,2023-06-28,admin,admin,NULL,,,,N,NULL,5,NULL
106,2023-06-28,2023-06-28,admin,admin,NULL,,,,Y,NULL,6,NULL
107,2023-06-28,2023-06-28,admin,admin,NULL,,,,N,NULL,6,NULL
108,2023-06-28,2023-06-28,admin,admin,NULL,,,,N,NULL,6,NULL
109,2023-06-28,2023-06-28,admin,admin,NULL,,,,N,NULL,6,NULL
110,2023-06-28,2023-06-28,admin,admin,NULL,,,,N,NULL,6,NULL
111,2023-06-28,2023-06-28,admin,admin,NULL,,,,Y,NULL,7,NULL
112,2023-06-28,2023-06-28,admin,admin,NULL,,,,N,NULL,7,NULL
113,2023-06-28,2023-06-28,admin,admin,NULL,,,,N,NULL,7,NULL
114,2023-06-28,2023-06-28,admin,admin,NULL,,,,N,NULL,7,NULL
115,2023-06-28,2023-06-28,admin,admin,NULL,,,,N,NULL,7,NULL
116,2023-06-28,2023-06-28,admin,admin,NULL,,,,Y,NULL,8,NULL
117,2023-06-28,2023-06-28,admin,admin,NULL,,,,N,NULL,8,NULL
118,2023-06-28,2023-06-28,admin,admin,NULL,,,,N,NULL,8,NULL
119,2023-06-28,2023-06-28,admin,admin,NULL,,,,N,NULL,8,NULL
120,2023-06-28,2023-06-28,admin,admin,NULL,,,,N,NULL,8,NULL
121,2023-06-28,2023-06-28,admin,admin,NULL,,,,Y,NULL,9,NULL
122,2023-06-28,2023-06-28,admin,admin,NULL,,,,N,NULL,9,NULL
123,2023-06-28,2023-06-28,admin,admin,NULL,,,,N,NULL,9,NULL
124,2023-06-28,2023-06-28,admin,admin,NULL,,,,N,NULL,9,NULL
125,2023-06-28,2023-06-28,admin,admin,NULL,,,,N,NULL,9,NULL
126,2023-06-28,2023-06-28,admin,admin,NULL,,,,Y,NULL,10,NULL
127,2023-06-28,2023-06-28,admin,admin,NULL,,,,N,NULL,10,NULL
128,2023-06-28,2023-06-28,admin,admin,NULL,,,,N,NULL,10,NULL
129,2023-06-28,2023-06-28,admin,admin,NULL,,,,N,NULL,10,NULL
130,2023-06-28,2023-06-28,admin,admin,NULL,,,,N,NULL,10,NULL
131,2023-06-28,2023-06-28,admin,admin,NULL,,,,Y,NULL,11,NULL
132,2023-06-28,2023-06-28,admin,admin,NULL,,,,N,NULL,11,NULL
133,2023-06-28,2023-06-28,admin,admin,NULL,,,,N,NULL,11,NULL
134,2023-06-28,2023-06-28,admin,admin,NULL,,,,N,NULL,11,NULL
135,2023-06-28,2023-06-28,admin,admin,NULL,,,,N,NULL,11,NULL
136,2023-06-28,2023-06-28,admin,admin,NULL,,,,Y,NULL,12,NULL
137,2023-06-28,2023-06-28,admin,admin,NULL,,,,N,NULL,12,NULL
138,2023-06-28,2023-06-28,admin,admin,NULL,,,,N,NULL,12,NULL
139,2023-06-28,2023-06-28,admin,admin,NULL,,,,N,NULL,12,NULL
140,2023-06-28,2023-06-28,admin,admin,NULL,,,,N,NULL,12,NULL
141,2023-06-28,2023-06-28,admin,admin,NULL,,,,Y,NULL,13,NULL
142,2023-06-28,2023-06-28,admin,admin,NULL,,,,N,NULL,13,NULL
143,2023-06-28,2023-06-28,admin,admin,NULL,,,,N,NULL,13,NULL
144,2023-06-28,2023-06-28,admin,admin,NULL,,,,N,NULL,13,NULL
145,2023-06-28,2023-06-28,admin,admin,NULL,,,,N,NULL,13,NULL
146,2023-06-28,2023-06-28,admin,admin,NULL,,,,Y,NULL,14,NULL
147,2023-06-28,2023-06-28,admin,admin,NULL,,,,N,NULL,14,NULL
148,2023-06-28,2023-06-28,admin,admin,NULL,,,,N,NULL,14,NULL
149,2023-06-28,2023-06-28,admin,admin,NULL,,,,N,NULL,14,NULL
150,2023-06-28,2023-06-28,admin,admin,NULL,,,,N,NULL,14,NULL
151,2023-06-28,2023-06-28,admin,admin,NULL,,,,Y,NULL,15,NULL
152,2023-06-28,2023-06-28,admin,admin,NULL,,,,N,NULL,15,NULL
153,2023-06-28,2023-06-28,admin,admin,NULL,,,,N,NULL,15,NULL
154,2023-06-28,2023-06-28,admin,admin,NULL,,,,N,NULL,15,NULL
155,2023-06-28,2023-06-28,admin,admin,NULL,,,,N,NULL,15,NULL
156,2023-06-28,2023-06-28,admin,admin,NULL,,,,Y,NULL,16,NULL
157,2023-06-28,2023-06-28,admin,admin,NULL,,,,N,NULL,16,NULL
158,2023-06-28,2023-06-28,admin,admin,NULL,,,,N,NULL,16,NULL
159,2023-06-28,2023-06-28,admin,admin,NULL,,,,N,NULL,16,NULL
160,2023-06-28,2023-06-28,admin,admin,NULL,,,,N,NULL,16,NULL
161,2023-06-28,2023-06-28,admin,admin,NULL,,,,Y,NULL,17,NULL
162,2023-06-28,2023-06-28,admin,admin,NULL,,,,N,NULL,17,NULL
163,2023-06-28,2023-06-28,admin,admin,NULL,,,,N,NULL,17,NULL
164,2023-06-28,2023-06-28,admin,admin,NULL,,,,N,NULL,17,NULL
165,2023-06-28,2023-06-28,admin,admin,NULL,,,,N,NULL,17,NULL
166,2023-06-28,2023-06-28,admin,admin,NULL,,,,Y,NULL,18,NULL
167,2023-06-28,2023-06-28,admin,admin,NULL,,,,N,NULL,18,NULL
168,2023-06-28,2023-06-28,admin,admin,NULL,,,,N,NULL,18,NULL
169,2023-06-28,2023-06-28,admin,admin,NULL,,,,N,NULL,18,NULL
170,2023-06-28,2023-06-28,admin,admin,NULL,,,,N,NULL,18,NULL
171,2023-06-28,2023-06-28,admin,admin,NULL,,,,Y,NULL,19,NULL
172,2023-06-28,2023-06-28,admin,admin,NULL,,,,N,NULL,19,NULL
173,2023-06-28,2023-06-28,admin,admin,NULL,,,,N,NULL,19,NULL
174,2023-06-28,2023-06-28,admin,admin,NULL,,,,N,NULL,19,NULL
175,2023-06-28,2023-06-28,admin,admin,NULL,,,,N,NULL,19,NULL
176,2023-06-28,2023-06-28,admin,admin,NULL,,,,Y,NULL,20,NULL
177,2023-06-28,2023-06-28,admin,admin,NULL,,,,N,NULL,20,NULL
178,2023-06-28,2023-06-28,admin,admin,NULL,,,,N,NULL,20,NULL
179,2023-06-28,2023-06-28,admin,admin,NULL,,,,N,NULL,20,NULL
180,2023-06-28,2023-06-28,admin,admin,NULL,,,,N,NULL,20,NULL
181,2023-06-28,2023-06-28,admin,admin,NULL,,,,Y,NULL,21,NULL
182,2023-06-28,2023-06-28,admin,admin,NULL,,,,N,NULL,21,NULL
183,2023-06-28,2023-06-28,admin,admin,NULL,,,,N,NULL,21,NULL
184,2023-06-28,2023-06-28,admin,admin,NULL,,,,N,NULL,21,NULL
185,2023-06-28,2023-06-28,admin,admin,NULL,,,,N,NULL,21,NULL
186,2023-06-28,2023-06-28,admin,admin,NULL,,,,Y,NULL,22,NULL
187,2023-06-28,2023-06-28,admin,admin,NULL,,,,N,NULL,22,NULL
188,2023-06-28,2023-06-28,admin,admin,NULL,,,,N,NULL,22,NULL
189,2023-06-28,2023-06-28,admin,admin,NULL,,,,N,NULL,22,NULL
190,2023-06-28,2023-06-28,admin,admin,NULL,,,,N,NULL,22,NULL
191,2023-06-28,2023-06-28,admin,admin,NULL,f63a85dc-1a44-4dc4-8b5e-70e28a9eae57.jpg,/wee/boardImg/f63a85dc-1a44-4dc4-8b5e-70e28a9eae57.jpg,cat1.jpg,Y,NULL,23,NULL
192,2023-06-28,2023-06-28,admin,admin,NULL,13489409-5de6-446b-8199-e17256cbb4bf.jpg,/wee/boardImg/13489409-5de6-446b-8199-e17256cbb4bf.jpg,puppy1.jpg,N,NULL,23,NULL
193,2023-06-28,2023-06-28,admin,admin,NULL,,,,N,NULL,23,NULL
194,2023-06-28,2023-06-28,admin,admin,NULL,,,,N,NULL,23,NULL
195,2023-06-28,2023-06-28,admin,admin,NULL,,,,N,NULL,23,NULL
196,2023-06-28,2023-06-28,admin,admin,NULL,ae4bca45-975d-406f-8b73-4d296f9ac22d.jpg,/wee/boardImg/ae4bca45-975d-406f-8b73-4d296f9ac22d.jpg,cat2.jpg,Y,NULL,24,NULL
197,2023-06-28,2023-06-28,admin,admin,NULL,d8694e22-bfb7-4d76-aa24-d8cc3f1df81d.jpg,/wee/boardImg/d8694e22-bfb7-4d76-aa24-d8cc3f1df81d.jpg,cat3.jpg,N,NULL,24,NULL
198,2023-06-28,2023-06-28,admin,admin,NULL,01616c3a-ad7f-4b8b-86dc-0cec31b42c3d.jpg,/wee/boardImg/01616c3a-ad7f-4b8b-86dc-0cec31b42c3d.jpg,mocha1.jpg,N,NULL,24,NULL
199,2023-06-28,2023-06-28,admin,admin,NULL,9af95497-e2b3-4341-8c6e-c10fb6120591.jpg,/wee/boardImg/9af95497-e2b3-4341-8c6e-c10fb6120591.jpg,puppy2.jpg,N,NULL,24,NULL
200,2023-06-28,2023-06-28,admin,admin,NULL,,,,N,NULL,24,NULL
201,2023-06-28,2023-06-28,admin,admin,NULL,85616e00-b6bc-4996-9db3-986bb8a7692d.jpg,/wee/boardImg/85616e00-b6bc-4996-9db3-986bb8a7692d.jpg,cat1.jpg,Y,NULL,25,NULL
202,2023-06-28,2023-06-28,admin,admin,NULL,90fd635f-e8c4-4aac-923d-8b8e181cc903.jpg,/wee/boardImg/90fd635f-e8c4-4aac-923d-8b8e181cc903.jpg,cat2.jpg,N,NULL,25,NULL
203,2023-06-28,2023-06-28,admin,admin,NULL,c44486a5-bf23-4958-a280-e32026c3fc20.jpg,/wee/boardImg/c44486a5-bf23-4958-a280-e32026c3fc20.jpg,cat3.jpg,N,NULL,25,NULL
204,2023-06-28,2023-06-28,admin,admin,NULL,21500d57-153f-4089-a847-579e64ee5f2a.jpg,/wee/boardImg/21500d57-153f-4089-a847-579e64ee5f2a.jpg,puppy1.jpg,N,NULL,25,NULL
205,2023-06-28,2023-06-28,admin,admin,NULL,c4d70dd5-5ae7-499a-b067-ce9bc93edc48.jpg,/wee/boardImg/c4d70dd5-5ae7-499a-b067-ce9bc93edc48.jpg,puppy2.jpg,N,NULL,25,NULL
206,2023-06-28,2023-06-28,admin,admin,NULL,5efd8709-95dc-408f-a40d-4d06241fa3b3.jpg,/wee/boardImg/5efd8709-95dc-408f-a40d-4d06241fa3b3.jpg,cat1.jpg,Y,1,NULL,NULL
207,2023-06-28,2023-06-28,admin,admin,NULL,,,,N,1,NULL,NULL
208,2023-06-28,2023-06-28,admin,admin,NULL,,,,N,1,NULL,NULL
209,2023-06-28,2023-06-28,admin,admin,NULL,,,,N,1,NULL,NULL
210,2023-06-28,2023-06-28,admin,admin,NULL,,,,N,1,NULL,NULL
211,2023-06-28,2023-06-28,admin,admin,NULL,,,,N,1,NULL,NULL
212,2023-06-28,2023-06-28,admin,admin,NULL,,,,N,1,NULL,NULL
213,2023-06-28,2023-06-28,admin,admin,NULL,,,,N,1,NULL,NULL
214,2023-06-28,2023-06-28,admin,admin,NULL,,,,N,1,NULL,NULL
215,2023-06-28,2023-06-28,admin,admin,NULL,,,,N,1,NULL,NULL
216,2023-06-28,2023-06-28,admin,admin,NULL,bef0e214-d428-4097-87af-650524caf16a.jpg,/wee/boardImg/bef0e214-d428-4097-87af-650524caf16a.jpg,cat2.jpg,Y,2,NULL,NULL
217,2023-06-28,2023-06-28,admin,admin,NULL,,,,N,2,NULL,NULL
218,2023-06-28,2023-06-28,admin,admin,NULL,,,,N,2,NULL,NULL
219,2023-06-28,2023-06-28,admin,admin,NULL,,,,N,2,NULL,NULL
220,2023-06-28,2023-06-28,admin,admin,NULL,,,,N,2,NULL,NULL
221,2023-06-28,2023-06-28,admin,admin,NULL,,,,N,2,NULL,NULL
222,2023-06-28,2023-06-28,admin,admin,NULL,,,,N,2,NULL,NULL
223,2023-06-28,2023-06-28,admin,admin,NULL,,,,N,2,NULL,NULL
224,2023-06-28,2023-06-28,admin,admin,NULL,,,,N,2,NULL,NULL
225,2023-06-28,2023-06-28,admin,admin,NULL,,,,N,2,NULL,NULL
226,2023-06-28,2023-06-28,admin,admin,NULL,05545a10-8a50-40d1-a9fd-9a77698ad967.jpg,/wee/boardImg/05545a10-8a50-40d1-a9fd-9a77698ad967.jpg,cat3.jpg,Y,3,NULL,NULL
227,2023-06-28,2023-06-28,admin,admin,NULL,,,,N,3,NULL,NULL
228,2023-06-28,2023-06-28,admin,admin,NULL,,,,N,3,NULL,NULL
229,2023-06-28,2023-06-28,admin,admin,NULL,,,,N,3,NULL,NULL
230,2023-06-28,2023-06-28,admin,admin,NULL,,,,N,3,NULL,NULL
231,2023-06-28,2023-06-28,admin,admin,NULL,,,,N,3,NULL,NULL
232,2023-06-28,2023-06-28,admin,admin,NULL,,,,N,3,NULL,NULL
233,2023-06-28,2023-06-28,admin,admin,NULL,,,,N,3,NULL,NULL
234,2023-06-28,2023-06-28,admin,admin,NULL,,,,N,3,NULL,NULL
235,2023-06-28,2023-06-28,admin,admin,NULL,,,,N,3,NULL,NULL
236,2023-06-28,2023-06-28,admin,admin,NULL,da5d7e69-7842-4826-b3cb-d41bc9670fcf.jpg,/wee/boardImg/da5d7e69-7842-4826-b3cb-d41bc9670fcf.jpg,cat3.jpg,Y,4,NULL,NULL
237,2023-06-28,2023-06-28,admin,admin,NULL,,,,N,4,NULL,NULL
238,2023-06-28,2023-06-28,admin,admin,NULL,,,,N,4,NULL,NULL
239,2023-06-28,2023-06-28,admin,admin,NULL,,,,N,4,NULL,NULL
240,2023-06-28,2023-06-28,admin,admin,NULL,,,,N,4,NULL,NULL
241,2023-06-28,2023-06-28,admin,admin,NULL,,,,N,4,NULL,NULL
242,2023-06-28,2023-06-28,admin,admin,NULL,,,,N,4,NULL,NULL
243,2023-06-28,2023-06-28,admin,admin,NULL,,,,N,4,NULL,NULL
244,2023-06-28,2023-06-28,admin,admin,NULL,,,,N,4,NULL,NULL
245,2023-06-28,2023-06-28,admin,admin,NULL,,,,N,4,NULL,NULL
246,2023-06-28,2023-06-28,admin,admin,NULL,94750e95-093a-48ad-badf-6cd4be8f89ef.JPEG,/wee/boardImg/94750e95-093a-48ad-badf-6cd4be8f89ef.JPEG,puppy4.JPEG,Y,5,NULL,NULL
247,2023-06-28,2023-06-28,admin,admin,NULL,d69c7e53-a27c-44a6-9e0b-a554a65c305c.jpg,/wee/boardImg/d69c7e53-a27c-44a6-9e0b-a554a65c305c.jpg,mocha1.jpg,N,5,NULL,NULL
248,2023-06-28,2023-06-28,admin,admin,NULL,,,,N,5,NULL,NULL
249,2023-06-28,2023-06-28,admin,admin,NULL,,,,N,5,NULL,NULL
250,2023-06-28,2023-06-28,admin,admin,NULL,,,,N,5,NULL,NULL
251,2023-06-28,2023-06-28,admin,admin,NULL,,,,N,5,NULL,NULL
252,2023-06-28,2023-06-28,admin,admin,NULL,,,,N,5,NULL,NULL
253,2023-06-28,2023-06-28,admin,admin,NULL,,,,N,5,NULL,NULL
254,2023-06-28,2023-06-28,admin,admin,NULL,,,,N,5,NULL,NULL
255,2023-06-28,2023-06-28,admin,admin,NULL,,,,N,5,NULL,NULL
256,2023-06-28,2023-06-28,admin,admin,NULL,91b55a1e-227c-49a6-a9b9-1b9870a7d34e.jpg,/wee/boardImg/91b55a1e-227c-49a6-a9b9-1b9870a7d34e.jpg,puppy1.jpg,Y,6,NULL,NULL
257,2023-06-28,2023-06-28,admin,admin,NULL,,,,N,6,NULL,NULL
258,2023-06-28,2023-06-28,admin,admin,NULL,,,,N,6,NULL,NULL
259,2023-06-28,2023-06-28,admin,admin,NULL,,,,N,6,NULL,NULL
260,2023-06-28,2023-06-28,admin,admin,NULL,,,,N,6,NULL,NULL
261,2023-06-28,2023-06-28,admin,admin,NULL,,,,N,6,NULL,NULL
262,2023-06-28,2023-06-28,admin,admin,NULL,,,,N,6,NULL,NULL
263,2023-06-28,2023-06-28,admin,admin,NULL,,,,N,6,NULL,NULL
264,2023-06-28,2023-06-28,admin,admin,NULL,,,,N,6,NULL,NULL
265,2023-06-28,2023-06-28,admin,admin,NULL,,,,N,6,NULL,NULL
266,2023-06-28,2023-06-28,admin,admin,NULL,e21f6c90-198d-4262-980b-57a991e28478.jpg,/wee/boardImg/e21f6c90-198d-4262-980b-57a991e28478.jpg,puppy2.jpg,Y,7,NULL,NULL
267,2023-06-28,2023-06-28,admin,admin,NULL,,,,N,7,NULL,NULL
268,2023-06-28,2023-06-28,admin,admin,NULL,,,,N,7,NULL,NULL
269,2023-06-28,2023-06-28,admin,admin,NULL,,,,N,7,NULL,NULL
270,2023-06-28,2023-06-28,admin,admin,NULL,,,,N,7,NULL,NULL
271,2023-06-28,2023-06-28,admin,admin,NULL,,,,N,7,NULL,NULL
272,2023-06-28,2023-06-28,admin,admin,NULL,,,,N,7,NULL,NULL
273,2023-06-28,2023-06-28,admin,admin,NULL,,,,N,7,NULL,NULL
274,2023-06-28,2023-06-28,admin,admin,NULL,,,,N,7,NULL,NULL
275,2023-06-28,2023-06-28,admin,admin,NULL,,,,N,7,NULL,NULL
276,2023-06-28,2023-06-28,admin,admin,NULL,a6deb84a-0b19-4524-b860-c1eae4966915.jpg,/wee/boardImg/a6deb84a-0b19-4524-b860-c1eae4966915.jpg,puppy3.jpg,Y,8,NULL,NULL
277,2023-06-28,2023-06-28,admin,admin,NULL,,,,N,8,NULL,NULL
278,2023-06-28,2023-06-28,admin,admin,NULL,,,,N,8,NULL,NULL
279,2023-06-28,2023-06-28,admin,admin,NULL,,,,N,8,NULL,NULL
280,2023-06-28,2023-06-28,admin,admin,NULL,,,,N,8,NULL,NULL
281,2023-06-28,2023-06-28,admin,admin,NULL,,,,N,8,NULL,NULL
282,2023-06-28,2023-06-28,admin,admin,NULL,,,,N,8,NULL,NULL
283,2023-06-28,2023-06-28,admin,admin,NULL,,,,N,8,NULL,NULL
284,2023-06-28,2023-06-28,admin,admin,NULL,,,,N,8,NULL,NULL
285,2023-06-28,2023-06-28,admin,admin,NULL,,,,N,8,NULL,NULL
286,2023-06-28,2023-06-28,admin,admin,NULL,c4789e17-e2a0-4dc8-acb9-50b4baad2648.JPEG,/wee/boardImg/c4789e17-e2a0-4dc8-acb9-50b4baad2648.JPEG,puppy4.JPEG,Y,9,NULL,NULL
287,2023-06-28,2023-06-28,admin,admin,NULL,,,,N,9,NULL,NULL
288,2023-06-28,2023-06-28,admin,admin,NULL,,,,N,9,NULL,NULL
289,2023-06-28,2023-06-28,admin,admin,NULL,,,,N,9,NULL,NULL
290,2023-06-28,2023-06-28,admin,admin,NULL,,,,N,9,NULL,NULL
291,2023-06-28,2023-06-28,admin,admin,NULL,,,,N,9,NULL,NULL
292,2023-06-28,2023-06-28,admin,admin,NULL,,,,N,9,NULL,NULL
293,2023-06-28,2023-06-28,admin,admin,NULL,,,,N,9,NULL,NULL
294,2023-06-28,2023-06-28,admin,admin,NULL,,,,N,9,NULL,NULL
295,2023-06-28,2023-06-28,admin,admin,NULL,,,,N,9,NULL,NULL
296,2023-06-28,2023-06-28,admin,admin,NULL,a5f4621e-7ce7-437a-992d-84ca9e9a9241.jpg,/wee/boardImg/a5f4621e-7ce7-437a-992d-84ca9e9a9241.jpg,cat1.jpg,Y,10,NULL,NULL
297,2023-06-28,2023-06-28,admin,admin,NULL,,,,N,10,NULL,NULL
298,2023-06-28,2023-06-28,admin,admin,NULL,,,,N,10,NULL,NULL
299,2023-06-28,2023-06-28,admin,admin,NULL,,,,N,10,NULL,NULL
300,2023-06-28,2023-06-28,admin,admin,NULL,,,,N,10,NULL,NULL
301,2023-06-28,2023-06-28,admin,admin,NULL,,,,N,10,NULL,NULL
302,2023-06-28,2023-06-28,admin,admin,NULL,,,,N,10,NULL,NULL
303,2023-06-28,2023-06-28,admin,admin,NULL,,,,N,10,NULL,NULL
304,2023-06-28,2023-06-28,admin,admin,NULL,,,,N,10,NULL,NULL
305,2023-06-28,2023-06-28,admin,admin,NULL,,,,N,10,NULL,NULL
306,2023-06-28,2023-06-28,admin,admin,NULL,f5f1b0c0-25ed-4b7b-a9ec-2d9cff833744.jpg,/wee/boardImg/f5f1b0c0-25ed-4b7b-a9ec-2d9cff833744.jpg,cat2.jpg,Y,11,NULL,NULL
307,2023-06-28,2023-06-28,admin,admin,NULL,,,,N,11,NULL,NULL
308,2023-06-28,2023-06-28,admin,admin,NULL,,,,N,11,NULL,NULL
309,2023-06-28,2023-06-28,admin,admin,NULL,,,,N,11,NULL,NULL
310,2023-06-28,2023-06-28,admin,admin,NULL,,,,N,11,NULL,NULL
311,2023-06-28,2023-06-28,admin,admin,NULL,,,,N,11,NULL,NULL
312,2023-06-28,2023-06-28,admin,admin,NULL,,,,N,11,NULL,NULL
313,2023-06-28,2023-06-28,admin,admin,NULL,,,,N,11,NULL,NULL
314,2023-06-28,2023-06-28,admin,admin,NULL,,,,N,11,NULL,NULL
315,2023-06-28,2023-06-28,admin,admin,NULL,,,,N,11,NULL,NULL
316,2023-06-28,2023-06-28,admin,admin,NULL,c10becf5-1d35-4176-8099-c0c1055a45b8.JPEG,/wee/boardImg/c10becf5-1d35-4176-8099-c0c1055a45b8.JPEG,puppy4.JPEG,Y,12,NULL,NULL
317,2023-06-28,2023-06-28,admin,admin,NULL,,,,N,12,NULL,NULL
318,2023-06-28,2023-06-28,admin,admin,NULL,,,,N,12,NULL,NULL
319,2023-06-28,2023-06-28,admin,admin,NULL,,,,N,12,NULL,NULL
320,2023-06-28,2023-06-28,admin,admin,NULL,,,,N,12,NULL,NULL
321,2023-06-28,2023-06-28,admin,admin,NULL,,,,N,12,NULL,NULL
322,2023-06-28,2023-06-28,admin,admin,NULL,,,,N,12,NULL,NULL
323,2023-06-28,2023-06-28,admin,admin,NULL,,,,N,12,NULL,NULL
324,2023-06-28,2023-06-28,admin,admin,NULL,,,,N,12,NULL,NULL
325,2023-06-28,2023-06-28,admin,admin,NULL,,,,N,12,NULL,NULL
326,2023-06-28,2023-06-28,admin,admin,NULL,22aca89f-87e2-4dc0-a361-cd35be772b66.jpg,/wee/boardImg/22aca89f-87e2-4dc0-a361-cd35be772b66.jpg,puppy2.jpg,Y,13,NULL,NULL
327,2023-06-28,2023-06-28,admin,admin,NULL,,,,N,13,NULL,NULL
328,2023-06-28,2023-06-28,admin,admin,NULL,,,,N,13,NULL,NULL
329,2023-06-28,2023-06-28,admin,admin,NULL,,,,N,13,NULL,NULL
330,2023-06-28,2023-06-28,admin,admin,NULL,,,,N,13,NULL,NULL
331,2023-06-28,2023-06-28,admin,admin,NULL,,,,N,13,NULL,NULL
332,2023-06-28,2023-06-28,admin,admin,NULL,,,,N,13,NULL,NULL
333,2023-06-28,2023-06-28,admin,admin,NULL,,,,N,13,NULL,NULL
334,2023-06-28,2023-06-28,admin,admin,NULL,,,,N,13,NULL,NULL
335,2023-06-28,2023-06-28,admin,admin,NULL,,,,N,13,NULL,NULL
336,2023-06-28,2023-06-28,admin,admin,NULL,1d399049-fd51-4dfa-97dc-4794b0e00847.jpg,/wee/boardImg/1d399049-fd51-4dfa-97dc-4794b0e00847.jpg,cat3.jpg,Y,14,NULL,NULL
337,2023-06-28,2023-06-28,admin,admin,NULL,,,,N,14,NULL,NULL
338,2023-06-28,2023-06-28,admin,admin,NULL,,,,N,14,NULL,NULL
339,2023-06-28,2023-06-28,admin,admin,NULL,,,,N,14,NULL,NULL
340,2023-06-28,2023-06-28,admin,admin,NULL,,,,N,14,NULL,NULL
341,2023-06-28,2023-06-28,admin,admin,NULL,,,,N,14,NULL,NULL
342,2023-06-28,2023-06-28,admin,admin,NULL,,,,N,14,NULL,NULL
343,2023-06-28,2023-06-28,admin,admin,NULL,,,,N,14,NULL,NULL
344,2023-06-28,2023-06-28,admin,admin,NULL,,,,N,14,NULL,NULL
345,2023-06-28,2023-06-28,admin,admin,NULL,,,,N,14,NULL,NULL
346,2023-06-28,2023-06-28,admin,admin,NULL,49ce9359-5baa-41da-8af9-ddf0cfaeda19.jpg,/wee/boardImg/49ce9359-5baa-41da-8af9-ddf0cfaeda19.jpg,puppy2.jpg,Y,15,NULL,NULL
347,2023-06-28,2023-06-28,admin,admin,NULL,,,,N,15,NULL,NULL
348,2023-06-28,2023-06-28,admin,admin,NULL,,,,N,15,NULL,NULL
349,2023-06-28,2023-06-28,admin,admin,NULL,,,,N,15,NULL,NULL
350,2023-06-28,2023-06-28,admin,admin,NULL,,,,N,15,NULL,NULL
351,2023-06-28,2023-06-28,admin,admin,NULL,,,,N,15,NULL,NULL
352,2023-06-28,2023-06-28,admin,admin,NULL,,,,N,15,NULL,NULL
353,2023-06-28,2023-06-28,admin,admin,NULL,,,,N,15,NULL,NULL
354,2023-06-28,2023-06-28,admin,admin,NULL,,,,N,15,NULL,NULL
355,2023-06-28,2023-06-28,admin,admin,NULL,,,,N,15,NULL,NULL
356,2023-06-28,2023-06-28,admin,admin,NULL,56f37d09-a9bf-4e01-bc05-74b7b71202dd.jpg,/wee/boardImg/56f37d09-a9bf-4e01-bc05-74b7b71202dd.jpg,puppy3.jpg,Y,16,NULL,NULL
357,2023-06-28,2023-06-28,admin,admin,NULL,,,,N,16,NULL,NULL
358,2023-06-28,2023-06-28,admin,admin,NULL,,,,N,16,NULL,NULL
359,2023-06-28,2023-06-28,admin,admin,NULL,,,,N,16,NULL,NULL
360,2023-06-28,2023-06-28,admin,admin,NULL,,,,N,16,NULL,NULL
361,2023-06-28,2023-06-28,admin,admin,NULL,,,,N,16,NULL,NULL
362,2023-06-28,2023-06-28,admin,admin,NULL,,,,N,16,NULL,NULL
363,2023-06-28,2023-06-28,admin,admin,NULL,,,,N,16,NULL,NULL
364,2023-06-28,2023-06-28,admin,admin,NULL,,,,N,16,NULL,NULL
365,2023-06-28,2023-06-28,admin,admin,NULL,,,,N,16,NULL,NULL
366,2023-06-28,2023-06-28,admin,admin,NULL,94024430-2d4c-48bc-93b3-fe3857faba68.jpg,/wee/boardImg/94024430-2d4c-48bc-93b3-fe3857faba68.jpg,cat2.jpg,Y,17,NULL,NULL
367,2023-06-28,2023-06-28,admin,admin,NULL,,,,N,17,NULL,NULL
368,2023-06-28,2023-06-28,admin,admin,NULL,,,,N,17,NULL,NULL
369,2023-06-28,2023-06-28,admin,admin,NULL,,,,N,17,NULL,NULL
370,2023-06-28,2023-06-28,admin,admin,NULL,,,,N,17,NULL,NULL
371,2023-06-28,2023-06-28,admin,admin,NULL,,,,N,17,NULL,NULL
372,2023-06-28,2023-06-28,admin,admin,NULL,,,,N,17,NULL,NULL
373,2023-06-28,2023-06-28,admin,admin,NULL,,,,N,17,NULL,NULL
374,2023-06-28,2023-06-28,admin,admin,NULL,,,,N,17,NULL,NULL
375,2023-06-28,2023-06-28,admin,admin,NULL,,,,N,17,NULL,NULL
376,2023-06-28,2023-06-28,admin,admin,NULL,92def621-99c8-4504-9ecb-61dbe101ff7a.jpg,/wee/boardImg/92def621-99c8-4504-9ecb-61dbe101ff7a.jpg,cat1.jpg,Y,18,NULL,NULL
377,2023-06-28,2023-06-28,admin,admin,NULL,,,,N,18,NULL,NULL
378,2023-06-28,2023-06-28,admin,admin,NULL,,,,N,18,NULL,NULL
379,2023-06-28,2023-06-28,admin,admin,NULL,,,,N,18,NULL,NULL
380,2023-06-28,2023-06-28,admin,admin,NULL,,,,N,18,NULL,NULL
381,2023-06-28,2023-06-28,admin,admin,NULL,,,,N,18,NULL,NULL
382,2023-06-28,2023-06-28,admin,admin,NULL,,,,N,18,NULL,NULL
383,2023-06-28,2023-06-28,admin,admin,NULL,,,,N,18,NULL,NULL
384,2023-06-28,2023-06-28,admin,admin,NULL,,,,N,18,NULL,NULL
385,2023-06-28,2023-06-28,admin,admin,NULL,,,,N,18,NULL,NULL
386,2023-06-28,2023-06-28,admin,admin,NULL,11088967-473e-4d70-9aba-1b8305c340a0.jpg,/wee/boardImg/11088967-473e-4d70-9aba-1b8305c340a0.jpg,puppy3.jpg,Y,19,NULL,NULL
387,2023-06-28,2023-06-28,admin,admin,NULL,,,,N,19,NULL,NULL
388,2023-06-28,2023-06-28,admin,admin,NULL,,,,N,19,NULL,NULL
389,2023-06-28,2023-06-28,admin,admin,NULL,,,,N,19,NULL,NULL
390,2023-06-28,2023-06-28,admin,admin,NULL,,,,N,19,NULL,NULL
391,2023-06-28,2023-06-28,admin,admin,NULL,,,,N,19,NULL,NULL
392,2023-06-28,2023-06-28,admin,admin,NULL,,,,N,19,NULL,NULL
393,2023-06-28,2023-06-28,admin,admin,NULL,,,,N,19,NULL,NULL
394,2023-06-28,2023-06-28,admin,admin,NULL,,,,N,19,NULL,NULL
395,2023-06-28,2023-06-28,admin,admin,NULL,,,,N,19,NULL,NULL
396,2023-06-28,2023-06-28,admin,admin,NULL,498625f6-8ea1-4759-87ae-36f330ab672c.jpg,/wee/boardImg/498625f6-8ea1-4759-87ae-36f330ab672c.jpg,cat3.jpg,Y,20,NULL,NULL
397,2023-06-28,2023-06-28,admin,admin,NULL,,,,N,20,NULL,NULL
398,2023-06-28,2023-06-28,admin,admin,NULL,,,,N,20,NULL,NULL
399,2023-06-28,2023-06-28,admin,admin,NULL,,,,N,20,NULL,NULL
400,2023-06-28,2023-06-28,admin,admin,NULL,,,,N,20,NULL,NULL
401,2023-06-28,2023-06-28,admin,admin,NULL,,,,N,20,NULL,NULL
402,2023-06-28,2023-06-28,admin,admin,NULL,,,,N,20,NULL,NULL
403,2023-06-28,2023-06-28,admin,admin,NULL,,,,N,20,NULL,NULL
404,2023-06-28,2023-06-28,admin,admin,NULL,,,,N,20,NULL,NULL
405,2023-06-28,2023-06-28,admin,admin,NULL,,,,N,20,NULL,NULL
406,2023-06-28,2023-06-28,admin,admin,NULL,c563e3db-cc72-49e5-854b-b27e4f110c3c.jpg,/wee/boardImg/c563e3db-cc72-49e5-854b-b27e4f110c3c.jpg,puppy2.jpg,Y,21,NULL,NULL
407,2023-06-28,2023-06-28,admin,admin,NULL,,,,N,21,NULL,NULL
408,2023-06-28,2023-06-28,admin,admin,NULL,,,,N,21,NULL,NULL
409,2023-06-28,2023-06-28,admin,admin,NULL,,,,N,21,NULL,NULL
410,2023-06-28,2023-06-28,admin,admin,NULL,,,,N,21,NULL,NULL
411,2023-06-28,2023-06-28,admin,admin,NULL,,,,N,21,NULL,NULL
412,2023-06-28,2023-06-28,admin,admin,NULL,,,,N,21,NULL,NULL
413,2023-06-28,2023-06-28,admin,admin,NULL,,,,N,21,NULL,NULL
414,2023-06-28,2023-06-28,admin,admin,NULL,,,,N,21,NULL,NULL
415,2023-06-28,2023-06-28,admin,admin,NULL,,,,N,21,NULL,NULL
416,2023-06-28,2023-06-28,admin,admin,NULL,2c8fc038-b413-4bde-9faf-90c706cdf194.jpg,/wee/boardImg/2c8fc038-b413-4bde-9faf-90c706cdf194.jpg,puppy3.jpg,Y,22,NULL,NULL
417,2023-06-28,2023-06-28,admin,admin,NULL,,,,N,22,NULL,NULL
418,2023-06-28,2023-06-28,admin,admin,NULL,,,,N,22,NULL,NULL
419,2023-06-28,2023-06-28,admin,admin,NULL,,,,N,22,NULL,NULL
420,2023-06-28,2023-06-28,admin,admin,NULL,,,,N,22,NULL,NULL
421,2023-06-28,2023-06-28,admin,admin,NULL,,,,N,22,NULL,NULL
422,2023-06-28,2023-06-28,admin,admin,NULL,,,,N,22,NULL,NULL
423,2023-06-28,2023-06-28,admin,admin,NULL,,,,N,22,NULL,NULL
424,2023-06-28,2023-06-28,admin,admin,NULL,,,,N,22,NULL,NULL
425,2023-06-28,2023-06-28,admin,admin,NULL,,,,N,22,NULL,NULL
426,2023-06-28,2023-06-28,admin,admin,NULL,4a5a85b2-4465-4cfb-b716-942cdeba7935.PNG,/wee/boardImg/4a5a85b2-4465-4cfb-b716-942cdeba7935.PNG,?旮办?甑1.PNG,Y,23,NULL,NULL
427,2023-06-28,2023-06-28,admin,admin,NULL,bc651caf-1ec8-4e4b-93e3-60268914c333.PNG,/wee/boardImg/bc651caf-1ec8-4e4b-93e3-60268914c333.PNG,?旮办?甑2.PNG,N,23,NULL,NULL
428,2023-06-28,2023-06-28,admin,admin,NULL,b91da56f-0581-480d-ab9a-3c95ec628fd9.PNG,/wee/boardImg/b91da56f-0581-480d-ab9a-3c95ec628fd9.PNG,?旮办?甑3.PNG,N,23,NULL,NULL
429,2023-06-28,2023-06-28,admin,admin,NULL,eb7f8f07-3a15-4ff2-86d5-d1aad12f56d0.PNG,/wee/boardImg/eb7f8f07-3a15-4ff2-86d5-d1aad12f56d0.PNG,?旮办?甑4.PNG,N,23,NULL,NULL
430,2023-06-28,2023-06-28,admin,admin,NULL,9b286550-202a-44ee-87ae-edcc37955164.PNG,/wee/boardImg/9b286550-202a-44ee-87ae-edcc37955164.PNG,?旮办?甑5.PNG,N,23,NULL,NULL
431,2023-06-28,2023-06-28,admin,admin,NULL,,,,N,23,NULL,NULL
432,2023-06-28,2023-06-28,admin,admin,NULL,,,,N,23,NULL,NULL
433,2023-06-28,2023-06-28,admin,admin,NULL,,,,N,23,NULL,NULL
434,2023-06-28,2023-06-28,admin,admin,NULL,,,,N,23,NULL,NULL
435,2023-06-28,2023-06-28,admin,admin,NULL,,,,N,23,NULL,NULL
436,2023-06-28,2023-06-28,admin,admin,NULL,cd944107-c24d-4a53-a878-7374cf065618.PNG,/wee/boardImg/cd944107-c24d-4a53-a878-7374cf065618.PNG,?办?レ1.PNG,Y,24,NULL,NULL
437,2023-06-28,2023-06-28,admin,admin,NULL,693ba42b-4cd6-43b7-b4c0-dc945e7a03fd.PNG,/wee/boardImg/693ba42b-4cd6-43b7-b4c0-dc945e7a03fd.PNG,?办?レ2.PNG,N,24,NULL,NULL
438,2023-06-28,2023-06-28,admin,admin,NULL,cc03be8e-0cdd-4b6b-9686-383fd1ecdda9.PNG,/wee/boardImg/cc03be8e-0cdd-4b6b-9686-383fd1ecdda9.PNG,?办?レ3.PNG,N,24,NULL,NULL
439,2023-06-28,2023-06-28,admin,admin,NULL,4a7371e6-bd23-4ff8-8748-2903303f6765.PNG,/wee/boardImg/4a7371e6-bd23-4ff8-8748-2903303f6765.PNG,?办?レ4.PNG,N,24,NULL,NULL
440,2023-06-28,2023-06-28,admin,admin,NULL,5742c7a4-377a-48ef-ae72-0496b3e849ec.PNG,/wee/boardImg/5742c7a4-377a-48ef-ae72-0496b3e849ec.PNG,?办?レ5.PNG,N,24,NULL,NULL
441,2023-06-28,2023-06-28,admin,admin,NULL,5fe36cb7-ffbf-4842-91dd-4fa0aeca3a75.PNG,/wee/boardImg/5fe36cb7-ffbf-4842-91dd-4fa0aeca3a75.PNG,?办?レ6.PNG,N,24,NULL,NULL
442,2023-06-28,2023-06-28,admin,admin,NULL,b532ddb8-1e42-4857-b5b6-b606ce852cc7.PNG,/wee/boardImg/b532ddb8-1e42-4857-b5b6-b606ce852cc7.PNG,?办?レ7.PNG,N,24,NULL,NULL
443,2023-06-28,2023-06-28,admin,admin,NULL,e6edde2c-1cd8-4b4d-8f74-d379f86501df.PNG,/wee/boardImg/e6edde2c-1cd8-4b4d-8f74-d379f86501df.PNG,?办?レ8.PNG,N,24,NULL,NULL
444,2023-06-28,2023-06-28,admin,admin,NULL,0d2f1024-5390-4955-ab97-3b1ebbd4affe.PNG,/wee/boardImg/0d2f1024-5390-4955-ab97-3b1ebbd4affe.PNG,?办?レ9.PNG,N,24,NULL,NULL
445,2023-06-28,2023-06-28,admin,admin,NULL,,,,N,24,NULL,NULL
446,2023-06-28,2023-06-28,admin,admin,NULL,eeabfc4d-1507-4a44-87b4-69f4a09d95bf.png,/wee/boardImg/eeabfc4d-1507-4a44-87b4-69f4a09d95bf.png,mind01_00.png,Y,26,NULL,NULL
447,2023-06-28,2023-06-28,admin,admin,NULL,ca915a40-5e07-4fcb-a7e9-40908f328c21.png,/wee/boardImg/ca915a40-5e07-4fcb-a7e9-40908f328c21.png,mind01_01.png,N,26,NULL,NULL
448,2023-06-28,2023-06-28,admin,admin,NULL,c299195f-7f25-4f67-ba2d-dbdcb13c9950.png,/wee/boardImg/c299195f-7f25-4f67-ba2d-dbdcb13c9950.png,mind01_02.png,N,26,NULL,NULL
449,2023-06-28,2023-06-28,admin,admin,NULL,93b5e1c3-d7fc-47ce-a57f-9df400d3b8b4.png,/wee/boardImg/93b5e1c3-d7fc-47ce-a57f-9df400d3b8b4.png,mind01_03.png,N,26,NULL,NULL
450,2023-06-28,2023-06-28,admin,admin,NULL,62ae9c44-f812-4a90-9184-5bb76621c4c5.png,/wee/boardImg/62ae9c44-f812-4a90-9184-5bb76621c4c5.png,mind01_04.png,N,26,NULL,NULL
451,2023-06-28,2023-06-28,admin,admin,NULL,43e8313d-8d4f-4e4e-a643-61d6494426c3.PNG,/wee/boardImg/43e8313d-8d4f-4e4e-a643-61d6494426c3.PNG,mind01_05.PNG,N,26,NULL,NULL
452,2023-06-28,2023-06-28,admin,admin,NULL,a6ba7809-f836-400c-a84b-160a4be02d77.png,/wee/boardImg/a6ba7809-f836-400c-a84b-160a4be02d77.png,mind01_06.png,N,26,NULL,NULL
453,2023-06-28,2023-06-28,admin,admin,NULL,,,,N,26,NULL,NULL
454,2023-06-28,2023-06-28,admin,admin,NULL,,,,N,26,NULL,NULL
455,2023-06-28,2023-06-28,admin,admin,NULL,,,,N,26,NULL,NULL
