notice_cd,mod_dt,reg_dt,created_by,modified_by,content,title
1,2023-06-28,2023-06-28,admin,admin,테스트입니다,공지사항 게시글 1
2,2023-06-28,2023-06-28,admin,admin,테스트입니다,공지사항 게시글 2
3,2023-06-28,2023-06-28,admin,admin,테스트입니다,공지사항 게시글 3
4,2023-06-28,2023-06-28,admin,admin,테스트입니다,공지사항 게시글 4
5,2023-06-28,2023-06-28,admin,admin,테스트입니다,공지사항 게시글 5
6,2023-06-28,2023-06-28,admin,admin,테스트입니다,공지사항 게시글 6
7,2023-06-28,2023-06-28,admin,admin,테스트입니다,공지사항 게시글 7
8,2023-06-28,2023-06-28,admin,admin,테스트입니다,공지사항 게시글 8
9,2023-06-28,2023-06-28,admin,admin,테스트입니다,공지사항 게시글 9
10,2023-06-28,2023-06-28,admin,admin,테스트입니다,공지사항 게시글 10
11,2023-06-28,2023-06-28,admin,admin,테스트입니다,공지사항 게시글 11
12,2023-06-28,2023-06-28,admin,admin,테스트입니다,공지사항 게시글 12
13,2023-06-28,2023-06-28,admin,admin,테스트입니다,공지사항 게시글 13
14,2023-06-28,2023-06-28,admin,admin,테스트입니다,공지사항 게시글 14
15,2023-06-28,2023-06-28,admin,admin,테스트입니다,공지사항 게시글 15
16,2023-06-28,2023-06-28,admin,admin,테스트입니다,공지사항 게시글 16
17,2023-06-28,2023-06-28,admin,admin,테스트입니다,공지사항 게시글 17 
18,2023-06-28,2023-06-28,admin,admin,테스트입니다,공지사항 게시글 18
19,2023-06-28,2023-06-28,admin,admin,테스트입니다,공지사항 게시글 19
20,2023-06-28,2023-06-28,admin,admin,테스트입니다,공지사항 게시글 20
21,2023-06-28,2023-06-28,admin,admin,테스트입니다,공지사항 게시글 21
22,2023-06-28,2023-06-28,admin,admin,테스트입니다,공지사항 게시글 22
23,2023-06-28,2023-06-28,admin,admin,"테스트입니다
테스트입니다",공지사항 게시글 23
24,2023-06-28,2023-06-28,admin,admin,"테스트입니다
테스트입니다
테스트입니다
테스트입니다
테스트입니다",공지사항 게시글 24
25,2023-06-28,2023-06-28,admin,admin,"테스트입니다
테스트입니다
테스트입니다
테스트입니다
테스트입니다
테스트입니다
테스트입니다
테스트입니다
테스트입니다
테스트입니다",공지사항 게시글 25
,,,,,,
,,,,,,
,,,,,,
,,,,,,
,,,,,,
,,,,,,
,,,,,,
,,,,,,
,,,,,,
,,,,,,
,,,,,,
,,,,,,
,,,,,,
,,,,,,
,,,,,,
,,,,,,
,,,,,,
,,,,,,
,,,,,,
,,,,,,
